INSERT INTO game(gameid, name, numplayers, round)
VALUES (1, 'tictactoe', 2, 2);
INSERT INTO game(gameid, name, numplayers, round)
VALUES (2, 'tictactoe', 2, 2);
INSERT INTO game(gameid, name, numplayers, round)
VALUES (3, 'hangman', 2, 2);
INSERT INTO game(gameid, name, numplayers, round)
VALUES (4, 'tictactoe', 2, 2);
INSERT INTO game(gameid, name, numplayers, round)
VALUES (5, 'hangman', 2, 1);


INSERT INTO gamestats(gamestatsid, gametype, played)
VALUES (111, 'tictactoe', 5);
INSERT INTO gamestats(gamestatsid, gametype, played)
VALUES (222, 'hangman', 4);


INSERT INTO player(playerid, name, gamesplayed)
VALUES (10001, 'jose', 2);
INSERT INTO player(playerid, name, gamesplayed)
VALUES (10002, 'daniel', 5);
INSERT INTO player(playerid, name, gamesplayed)
VALUES (10003, 'maria', 3);

INSERT INTO "DSU"."PLAYERSTATS" (PLAYERID, WIN, LOSS, TIE) VALUES ('10001', '1', '0', '1');
INSERT INTO "DSU"."PLAYERSTATS" (PLAYERID, WIN, LOSS, TIE) VALUES ('10002', '1', '2', '1');
INSERT INTO "DSU"."PLAYERSTATS" (PLAYERID, WIN, LOSS, TIE) VALUES ('10003', '1', '1', '0');

INSERT INTO "DSU"."TICTACTOE" (TTTID, GAMEID, PLAYERXID, PLAYEROID) VALUES ('101', '1', '10001', '10002');
INSERT INTO "DSU"."TICTACTOE" (TTTID, GAMEID, PLAYERXID, PLAYEROID) VALUES ('102', '3', '10001', '10002');

INSERT INTO "DSU"."TURNTTT" (IDTURNTTT, TTTID, FINISHED) VALUES ('1', '101', '0');
INSERT INTO "DSU"."TURNTTT" (IDTURNTTT, TTTID, FINISHED) VALUES ('2', '101', '0');
INSERT INTO "DSU"."TURNTTT" (IDTURNTTT, TTTID, FINISHED) VALUES ('3', '101', '0');
INSERT INTO "DSU"."TURNTTT" (IDTURNTTT, TTTID, FINISHED) VALUES ('4', '101', '0');
INSERT INTO "DSU"."TURNTTT" (IDTURNTTT, TTTID, FINISHED) VALUES ('5', '101', '0');
INSERT INTO "DSU"."TURNTTT" (IDTURNTTT, TTTID, FINISHED) VALUES ('6', '101', '0');
INSERT INTO "DSU"."TURNTTT" (IDTURNTTT, TTTID, FINISHED) VALUES ('7', '101', '0');
INSERT INTO "DSU"."TURNTTT" (IDTURNTTT, TTTID, FINISHED) VALUES ('8', '101', '0');
INSERT INTO "DSU"."TURNTTT" (IDTURNTTT, TTTID, FINISHED, WINNER) VALUES ('9', '101', '0', '0');
INSERT INTO "DSU"."TURNTTT" (IDTURNTTT, TTTID, FINISHED) VALUES ('10', '102', '0');
INSERT INTO "DSU"."TURNTTT" (IDTURNTTT, TTTID, FINISHED) VALUES ('11', '102', '0');
INSERT INTO "DSU"."TURNTTT" (IDTURNTTT, TTTID, FINISHED) VALUES ('12', '102', '0');
INSERT INTO "DSU"."TURNTTT" (IDTURNTTT, TTTID, FINISHED) VALUES ('13', '102', '0');
INSERT INTO "DSU"."TURNTTT" (IDTURNTTT, TTTID, FINISHED) VALUES ('14', '102', '0');
INSERT INTO "DSU"."TURNTTT" (IDTURNTTT, TTTID, FINISHED, WINNER) VALUES ('15', '102', '0', '10001');


INSERT INTO "DSU"."TICTACTOEBOARD" (TTTBOARDID, TTTID, IDTURNTTT, X, Y, TYPE) VALUES ('1', '101', '1', '2', '2', 'X');
INSERT INTO "DSU"."TICTACTOEBOARD" (TTTBOARDID, TTTID, IDTURNTTT, X, Y, TYPE) VALUES ('2', '101', '2', '1', '3', 'O');
INSERT INTO "DSU"."TICTACTOEBOARD" (TTTBOARDID, TTTID, IDTURNTTT, X, Y, TYPE) VALUES ('3', '101', '3', '3', '3', 'X');
INSERT INTO "DSU"."TICTACTOEBOARD" (TTTBOARDID, TTTID, IDTURNTTT, X, Y, TYPE) VALUES ('4', '101', '4', '1', '1', 'O');
INSERT INTO "DSU"."TICTACTOEBOARD" (TTTBOARDID, TTTID, IDTURNTTT, X, Y, TYPE) VALUES ('5', '101', '5', '1', '2', 'X');
INSERT INTO "DSU"."TICTACTOEBOARD" (TTTBOARDID, TTTID, IDTURNTTT, X, Y, TYPE) VALUES ('6', '101', '6', '3', '2', 'O');
INSERT INTO "DSU"."TICTACTOEBOARD" (TTTBOARDID, TTTID, IDTURNTTT, X, Y, TYPE) VALUES ('7', '101', '7', '2', '1', 'X');
INSERT INTO "DSU"."TICTACTOEBOARD" (TTTBOARDID, TTTID, IDTURNTTT, X, Y, TYPE) VALUES ('8', '101', '8', '2', '3', 'O');
INSERT INTO "DSU"."TICTACTOEBOARD" (TTTBOARDID, TTTID, IDTURNTTT, X, Y, TYPE) VALUES ('9', '101', '9', '3', '1', 'X');
INSERT INTO "DSU"."TICTACTOEBOARD" (TTTBOARDID, TTTID, IDTURNTTT, X, Y, TYPE) VALUES ('1', '102', '10', '1', '1', 'X');
INSERT INTO "DSU"."TICTACTOEBOARD" (TTTBOARDID, TTTID, IDTURNTTT, X, Y, TYPE) VALUES ('2', '102', '11', '2', '2', 'O');
INSERT INTO "DSU"."TICTACTOEBOARD" (TTTBOARDID, TTTID, IDTURNTTT, X, Y, TYPE) VALUES ('3', '102', '12', '1', '3', 'X');
INSERT INTO "DSU"."TICTACTOEBOARD" (TTTBOARDID, TTTID, IDTURNTTT, X, Y, TYPE) VALUES ('4', '102', '13', '1', '2', 'O');
INSERT INTO "DSU"."TICTACTOEBOARD" (TTTBOARDID, TTTID, IDTURNTTT, X, Y, TYPE) VALUES ('5', '102', '14', '3', '3', 'X');
INSERT INTO "DSU"."TICTACTOEBOARD" (TTTBOARDID, TTTID, IDTURNTTT, X, Y, TYPE) VALUES ('6', '102', '15', '3', '2', 'O');

INSERT INTO "DSU"."HANGMAN" (HMID, GAMEID, GIVERID, GUESSERID) VALUES ('1001', '2', '10002', '10003');
INSERT INTO "DSU"."HANGMAN" (HMID, GAMEID, GIVERID, GUESSERID) VALUES ('1002', '4', '10003', '10002');


INSERT INTO "DSU"."TURNHM" (IDTURNHM, HMID, FINISHED) VALUES ('1', '1001', '0');
INSERT INTO "DSU"."TURNHM" (IDTURNHM, HMID, FINISHED) VALUES ('2', '1001', '0');
INSERT INTO "DSU"."TURNHM" (IDTURNHM, HMID, FINISHED) VALUES ('3', '1001', '0');
INSERT INTO "DSU"."TURNHM" (IDTURNHM, HMID, FINISHED) VALUES ('4', '1001', '0');
INSERT INTO "DSU"."TURNHM" (IDTURNHM, HMID, FINISHED) VALUES ('5', '1001', '0');
INSERT INTO "DSU"."TURNHM" (IDTURNHM, HMID, FINISHED) VALUES ('6', '1001', '0');
INSERT INTO "DSU"."TURNHM" (IDTURNHM, HMID, FINISHED) VALUES ('7', '1001', '0');
INSERT INTO "DSU"."TURNHM" (IDTURNHM, HMID, FINISHED) VALUES ('8', '1001', '0');
INSERT INTO "DSU"."TURNHM" (IDTURNHM, HMID, FINISHED) VALUES ('9', '1001', '0');
INSERT INTO "DSU"."TURNHM" (IDTURNHM, HMID, FINISHED) VALUES ('10', '1001', '1');
INSERT INTO "DSU"."TURNHM" (IDTURNHM, HMID, FINISHED, WINNER) VALUES ('11', '1002', '0', '10002');
INSERT INTO "DSU"."TURNHM" (IDTURNHM, HMID, FINISHED) VALUES ('12', '1002', '0');
INSERT INTO "DSU"."TURNHM" (IDTURNHM, HMID, FINISHED) VALUES ('13', '1002', '0');
INSERT INTO "DSU"."TURNHM" (IDTURNHM, HMID, FINISHED) VALUES ('14', '1002', '0');
INSERT INTO "DSU"."TURNHM" (IDTURNHM, HMID, FINISHED) VALUES ('15', '1002', '0');
INSERT INTO "DSU"."TURNHM" (IDTURNHM, HMID, FINISHED) VALUES ('16', '1002', '0');
INSERT INTO "DSU"."TURNHM" (IDTURNHM, HMID, FINISHED) VALUES ('17', '1002', '0');
INSERT INTO "DSU"."TURNHM" (IDTURNHM, HMID, FINISHED) VALUES ('18', '1002', '0');
INSERT INTO "DSU"."TURNHM" (IDTURNHM, HMID, FINISHED) VALUES ('19', '1002', '0');
INSERT INTO "DSU"."TURNHM" (IDTURNHM, HMID, FINISHED) VALUES ('20', '1002', '0');
INSERT INTO "DSU"."TURNHM" (IDTURNHM, HMID, FINISHED) VALUES ('21', '1002', '0');
INSERT INTO "DSU"."TURNHM" (IDTURNHM, HMID, FINISHED, WINNER) VALUES ('22', '1002', '1', '10003');

INSERT INTO "DSU"."HANGMANBOARD" (HMBOARDID, HMID, IDTURNHM, GUESSINGLETTER, REMAININGATTEMPTS) VALUES ('1', '1001', '1', 'a', '8');
INSERT INTO "DSU"."HANGMANBOARD" (HMBOARDID, HMID, IDTURNHM, GUESSINGLETTER, REMAININGATTEMPTS) VALUES ('2', '1001', '2', 'e', '7');
INSERT INTO "DSU"."HANGMANBOARD" (HMBOARDID, HMID, IDTURNHM, GUESSINGLETTER, REMAININGATTEMPTS) VALUES ('3', '1001', '3', 'i', '6');
INSERT INTO "DSU"."HANGMANBOARD" (HMBOARDID, HMID, IDTURNHM, GUESSINGLETTER, REMAININGATTEMPTS) VALUES ('4', '1001', '4', 'o', '5');
INSERT INTO "DSU"."HANGMANBOARD" (HMBOARDID, HMID, IDTURNHM, GUESSINGLETTER, REMAININGATTEMPTS) VALUES ('5', '1001', '5', 'u', '4');
INSERT INTO "DSU"."HANGMANBOARD" (HMBOARDID, HMID, IDTURNHM, GUESSINGLETTER, REMAININGATTEMPTS) VALUES ('6', '1001', '6', 'p', '4');
INSERT INTO "DSU"."HANGMANBOARD" (HMBOARDID, HMID, IDTURNHM, GUESSINGLETTER, REMAININGATTEMPTS) VALUES ('7', '1001', '7', 'j', '3');
INSERT INTO "DSU"."HANGMANBOARD" (HMBOARDID, HMID, IDTURNHM, GUESSINGLETTER, REMAININGATTEMPTS) VALUES ('8', '1001', '8', 'r', '2');
INSERT INTO "DSU"."HANGMANBOARD" (HMBOARDID, HMID, IDTURNHM, GUESSINGLETTER, REMAININGATTEMPTS) VALUES ('9', '1001', '9', 't', '1');
INSERT INTO "DSU"."HANGMANBOARD" (HMBOARDID, HMID, IDTURNHM, GUESSINGLETTER, REMAININGATTEMPTS) VALUES ('10', '1001', '10', 'h', '1');
INSERT INTO "DSU"."HANGMANBOARD" (HMBOARDID, HMID, IDTURNHM, GUESSINGLETTER, REMAININGATTEMPTS) VALUES ('11', '1001', '11', 'y', '1');
INSERT INTO "DSU"."HANGMANBOARD" (HMBOARDID, HMID, IDTURNHM, GUESSINGLETTER, REMAININGATTEMPTS) VALUES ('1', '1002', '12', 'a', '8');
INSERT INTO "DSU"."HANGMANBOARD" (HMBOARDID, HMID, IDTURNHM, GUESSINGLETTER, REMAININGATTEMPTS) VALUES ('2', '1002', '13', 'e', '7');
INSERT INTO "DSU"."HANGMANBOARD" (HMBOARDID, HMID, IDTURNHM, GUESSINGLETTER, REMAININGATTEMPTS) VALUES ('3', '1002', '14', 'i', '7');
INSERT INTO "DSU"."HANGMANBOARD" (HMBOARDID, HMID, IDTURNHM, GUESSINGLETTER, REMAININGATTEMPTS) VALUES ('4', '1002', '15', 'o', '7');
INSERT INTO "DSU"."HANGMANBOARD" (HMBOARDID, HMID, IDTURNHM, GUESSINGLETTER, REMAININGATTEMPTS) VALUES ('5', '1002', '16', 'u', '6');
INSERT INTO "DSU"."HANGMANBOARD" (HMBOARDID, HMID, IDTURNHM, GUESSINGLETTER, REMAININGATTEMPTS) VALUES ('6', '1002', '17', 'd', '6');
INSERT INTO "DSU"."HANGMANBOARD" (HMBOARDID, HMID, IDTURNHM, GUESSINGLETTER, REMAININGATTEMPTS) VALUES ('7', '1002', '18', 'k', '5');
INSERT INTO "DSU"."HANGMANBOARD" (HMBOARDID, HMID, IDTURNHM, GUESSINGLETTER, REMAININGATTEMPTS) VALUES ('8', '1002', '19', 'l', '5');
INSERT INTO "DSU"."HANGMANBOARD" (HMBOARDID, HMID, IDTURNHM, GUESSINGLETTER, REMAININGATTEMPTS) VALUES ('9', '1002', '20', 'm', '5');
INSERT INTO "DSU"."HANGMANBOARD" (HMBOARDID, HMID, IDTURNHM, GUESSINGLETTER, REMAININGATTEMPTS) VALUES ('10', '1002', '21', 'b', '4');
INSERT INTO "DSU"."HANGMANBOARD" (HMBOARDID, HMID, IDTURNHM, GUESSINGLETTER, REMAININGATTEMPTS) VALUES ('11', '1002', '22', 'r', '4');


INSERT INTO "DSU"."HANGMANWORD" (HMID, SECRETWORD, GUESSEDLETTERS) VALUES ('1001', 'happy', 'aeioupjrthy');
INSERT INTO "DSU"."HANGMANWORD" (HMID, SECRETWORD, GUESSEDLETTERS) VALUES ('1002', 'armadillo', 'aeioudklmbr');

SELECT *
FROM player;

 commit;